time,temperature,field
1.1920928955078125e-06,299.9,0.002
1.0033342838287354,299.93,-0.001
2.0060763359069824,299.87,0.009
3.0112111568450928,299.86,0.007
4.016512155532837,299.83,0.014
