time,temperature,field
1.1920928955078125e-06,300.06,-0.012
1.0050699710845947,299.99,-0.006
2.0075228214263916,300.07,-0.006
3.01269793510437,300.07,-0.001
4.017822980880737,300.06,0.004
